{"tree-cover":[{"dimension":2,"data":[[[502525.188089021,5842462.760562809],[502525.188089021,5844917.906936711],[497475.3054642879,5844917.90693671],[497475.305464288,5842462.760562809]],[[502356.983817255,5844053.63221412],[502366.983053924,5844053.82182533],[502367.07805643,5844048.82180155],[502372.077671903,5844048.91649159],[502372.267052149,5844038.91744286],[502377.266661724,5844039.01212978],[502378.213525526,5843989.01566231],[502373.213945981,5843988.92086497],[502373.402616327,5843978.92170451],[502368.403042942,5843978.82701527],[502368.49813207,5843973.82699087],[502358.498284534,5843973.63738171],[502356.983817255,5844053.63221412]],[[499194.3474131,5843088.48441744],[499194.442192019,5843083.4853109],[499139.446152263,5843082.44294845],[499139.351340175,5843087.44294228],[499134.351633608,5843087.34808323],[499134.162091457,5843097.34807066],[499139.161804133,5843097.44204192],[499139.066991705,5843102.44203563],[499144.066707409,5843102.53689184],[499144.161516828,5843097.53689808],[499164.160368837,5843097.91540472],[499164.065571451,5843102.91539871],[499169.065287722,5843103.01023988],[499168.875787095,5843113.00922896],[499163.87606481,5843112.91438768],[499163.781267084,5843117.91438155],[499153.781816841,5843117.72468985],[499153.687101361,5843122.72468358],[499143.688352542,5843122.5349798],[499143.593542561,5843127.53497337],[499133.594081192,5843127.34525738],[499133.499353459,5843132.34525081],[499123.500593519,5843132.15552275],[499123.405771283,5843137.15551601],[499118.406034981,5843137.06064738],[499118.311297995,5843142.06064056],[499113.311558801,5843141.96576886],[499113.216730416,5843146.96487403],[499103.217953245,5843146.77600948],[499103.123207016,5843151.77600241],[499093.123717386,5843151.58623773],[499093.028876654,5843156.5862305],[499088.029129001,5843156.4913436],[499087.934285247,5843161.49044837],[499082.935329967,5843161.39644639],[499082.840483093,5843166.39555107],[499072.840976226,5843166.20664989],[499072.746123225,5843171.20575442],[499062.747406166,5843171.01684119],[499062.652547036,5843176.01594557],[499057.652787933,5843175.92192829],[499057.557925687,5843180.92103258],[499052.55816379,5843180.82612433],[499052.464093689,5843185.82611651],[499047.464328901,5843185.73120521],[499047.274679987,5843195.73118917],[499042.274909295,5843195.63627474],[499042.180037576,5843200.6353787],[499037.180970884,5843200.54134919],[499037.086184418,5843205.54045307],[499032.086407835,5843205.44642042],[499031.991529877,5843210.44552418],[499026.991750503,5843210.35060056],[499026.897664694,5843215.35059224],[499021.897882426,5843215.25566555],[499021.802998125,5843220.25565703],[499016.803212963,5843220.16072728],[499016.709120912,5843225.16071877],[499011.709332858,5843225.06578596],[499011.614442315,5843230.06577725],[499006.614651364,5843229.97084137],[499006.519757703,5843234.97083257],[499001.520759234,5843234.87589372],[499001.425862573,5843239.87488594],[498996.426065715,5843239.78094282],[498996.331165932,5843244.77993494],[498991.332161553,5843244.68598886],[498991.237258653,5843249.68498088],[498981.237653591,5843249.4960805],[498981.14353994,5843254.49507247],[498971.143929316,5843254.30615994],[498971.04901404,5843259.30615055],[498961.050104977,5843259.11622708],[498960.955271949,5843264.11621755],[498940.956736039,5843263.7372221],[498940.861802492,5843268.7372123],[498935.86198907,5843268.64223387],[498935.767847782,5843273.64222407],[498925.768215258,5843273.45225806],[498925.863157823,5843268.45315597],[498910.864425779,5843268.16918355],[498910.958581993,5843263.16919358],[498890.960138976,5843262.79007782],[498891.05501399,5843257.79097603],[498881.055401545,5843257.60095621],[498881.150370818,5843252.60196549],[498871.150764721,5843252.41282165],[498871.24574003,5843247.41283211],[498861.246847399,5843247.22367644],[498861.341033235,5843242.22368687],[498841.34264271,5843241.84545056],[498841.437547464,5843236.84546127],[498831.437961212,5843236.65626963],[498831.532960244,5843231.65628042],[498811.534508105,5843231.27797235],[498811.439585545,5843236.27707345],[498801.440000649,5843236.08784571],[498801.534929348,5843231.08785682],[498791.535350915,5843230.89861716],[498791.630373748,5843225.89962725],[498691.637590961,5843224.00501652],[498691.542596211,5843229.00500423],[498681.54372972,5843228.8157433],[498681.44864047,5843233.81573083],[498671.449856805,5843233.62634679],[498671.354761571,5843238.62544627],[498666.354969142,5843238.53119357],[498666.26066616,5843243.53029308],[498661.260870837,5843243.43603732],[498660.882054752,5843263.43409933],[498645.883340497,5843263.15053652],[498645.315058725,5843293.14857075],[498640.315233924,5843293.05341449],[498640.1257998,5843303.05249984],[498635.126675955,5843302.95822849],[498634.179468398,5843352.95442923],[498629.179607591,5843352.86015419],[498628.990158747,5843362.85923837],[498623.991087568,5843362.76407245],[498623.801632113,5843372.76404427],[498628.801504837,5843372.85832253],[498628.706382256,5843377.85830837],[498633.706258117,5843377.95247269],[498633.611138429,5843382.95245855],[498643.61089632,5843383.14188816],[498643.515871057,5843388.1409862],[498653.515635428,5843388.3302929],[498653.420527546,5843393.3302789],[498658.420412828,5843393.42542724],[498658.325307984,5843398.42452536],[498663.325196386,5843398.51967074],[498663.23018281,5843403.51876889],[498668.230074332,5843403.61391132],[498668.040671374,5843413.61288462],[498673.040569024,5843413.70802415],[498672.851171611,5843423.70710839],[498677.851075529,5843423.80135713],[498677.755981894,5843428.80134313],[498682.755888791,5843428.89647682],[498682.66079821,5843433.89546395],[498687.660708227,5843433.99059468],[498687.565708897,5843438.98969283],[498692.565622034,5843439.08482061],[498692.470537224,5843444.08391876],[498697.470453481,5843444.17904359],[498697.376166818,5843449.17902978],[498702.375290957,5843449.27315264],[498702.281007189,5843454.27313885],[498712.280145417,5843454.46248568],[498712.185072157,5843459.46247183],[498722.184923866,5843459.65180685],[498722.089856664,5843464.65079419],[498732.089007818,5843464.84011717],[498731.994741757,5843469.84010359],[498741.993810997,5843470.02941464],[498741.898843823,5843475.02940103],[498746.898779402,5843475.12349722],[498746.803726742,5843480.12348361],[498751.803665424,5843480.21768784],[498751.709411055,5843485.21767436],[498756.708557328,5843485.31276342],[498756.614305988,5843490.31186206],[498761.613543755,5843490.40694817],[498761.519206948,5843495.40593583],[498766.518447837,5843495.50101899],[498766.424202154,5843500.50100556],[498771.423357915,5843500.59519786],[498771.329115126,5843505.59518445],[498786.327475619,5843505.8795194],[498786.233241888,5843510.87850722],[498796.232450095,5843511.067753],[498796.13742672,5843516.06773967],[498811.136602343,5843516.35202995],[498811.23152832,5843511.3520431],[498866.22745022,5843512.39369046],[498866.322343006,5843507.39370295],[498871.321592279,5843507.48872307],[498871.416570325,5843502.48873548],[498911.41319609,5843503.24701222],[498911.508149967,5843498.24702415],[498921.507345786,5843498.43600821],[498921.602205028,5843493.43701887],[498951.59968863,5843494.0050084],[498951.694618224,5843489.0050198],[498961.693803694,5843489.1949544],[498961.788638784,5843484.19496565],[498991.786887118,5843484.76281023],[498991.880996914,5843479.7638199],[499001.880172287,5843479.95270727],[499001.974983095,5843474.95271798],[499031.97320065,5843475.5214164],[499032.067993303,5843470.52142675],[499042.067158338,5843470.71126465],[499042.162033242,5843465.71127486],[499052.161104337,5843465.90110061],[499052.350046384,5843455.90112058],[499062.349901301,5843456.09093417],[499062.444056819,5843451.09094395],[499072.443906174,5843451.2807454],[499072.537967189,5843446.28075502],[499077.53788903,5843446.37565118],[499077.632742319,5843441.37566079],[499082.631865872,5843441.4705538],[499082.821566003,5843431.4714607],[499087.821479048,5843431.56635067],